<?xml version = '1.0' encoding = 'UTF-8'?>
<FKIndexAssociation class="oracle.dbtools.crest.model.design.relational.FKIndexAssociation" directorySegmentName="seg_0" id="6B9ED723-3ECE-8AC1-B757-914F12AD25C1" containerWithKeyObject="CAE29681-1AC6-5A5B-0690-1808CDD52EB9" localFKIndex="E1079CD9-8208-EDEA-ECF4-04AD6C1D64AD" name="T_ENDERECO_T_CONTATO_FK">
<createdBy>Caique</createdBy>
<createdTime>2021-05-15 00:33:05 UTC</createdTime>
<generatorID>BAE3430A-D139-1127-5BBD-56F6CDEAACFE</generatorID>
<ownerDesignName>AGENDA_DE_CONTATOS</ownerDesignName>
<referredTableLongName>T_CONTATO</referredTableLongName>
<deleteRule>NO ACTION</deleteRule>
<referredTableID>04BBD925-7EBC-EF11-1EBC-31BFD6290CA2</referredTableID>
<keyObject>0E8C818C-5692-F4DC-5013-92554EBA6678</keyObject>
<referredKeyID>0E8C818C-5692-F4DC-5013-92554EBA6678</referredKeyID>
<mandatory>true</mandatory>
<refColNames>nm_contato</refColNames>
<transferable>true</transferable>
<rely>false</rely>
<columnDependencyConstraintGenerateInDDL>true</columnDependencyConstraintGenerateInDDL>
</FKIndexAssociation>