<?xml version = '1.0' encoding = 'UTF-8'?>
<FKIndexAssociation class="oracle.dbtools.crest.model.design.relational.FKIndexAssociation" directorySegmentName="seg_0" id="823BCB11-9130-50FA-4354-B90D8AABB297" containerWithKeyObject="52E4390D-D450-09EC-F444-CFFAB756C691" localFKIndex="64E2B0C0-C8B2-4783-72E9-7A807F4CE01F" name="T_E-MAIL_T_CONTATO_FK">
<createdBy>Caique</createdBy>
<createdTime>2021-05-15 00:33:05 UTC</createdTime>
<generatorID>2B6C6347-48A0-C337-C8D5-622BAB9027C1</generatorID>
<ownerDesignName>AGENDA_DE_CONTATOS</ownerDesignName>
<referredTableLongName>T_CONTATO</referredTableLongName>
<deleteRule>NO ACTION</deleteRule>
<referredTableID>04BBD925-7EBC-EF11-1EBC-31BFD6290CA2</referredTableID>
<keyObject>0E8C818C-5692-F4DC-5013-92554EBA6678</keyObject>
<referredKeyID>0E8C818C-5692-F4DC-5013-92554EBA6678</referredKeyID>
<mandatory>true</mandatory>
<refColNames>nm_contato</refColNames>
<transferable>true</transferable>
<rely>false</rely>
<columnDependencyConstraintGenerateInDDL>true</columnDependencyConstraintGenerateInDDL>
</FKIndexAssociation>