<?xml version = '1.0' encoding = 'UTF-8'?>
<FKIndexAssociation class="oracle.dbtools.crest.model.design.relational.FKIndexAssociation" directorySegmentName="seg_0" id="A33CDB5F-BD3A-194E-2CED-DB1D2671BE25" containerWithKeyObject="2A53BF42-CD47-E126-A985-D2BB106CD2D4" localFKIndex="E43A5B0F-E9EC-03C2-4A94-1940A2959B02" name="T_TELEFONE_T_CONTATO_FK">
<createdBy>Caique</createdBy>
<createdTime>2021-05-15 00:33:05 UTC</createdTime>
<generatorID>BC798C91-0209-0B48-2A3C-C1D85E7AC038</generatorID>
<ownerDesignName>AGENDA_DE_CONTATOS</ownerDesignName>
<referredTableLongName>T_CONTATO</referredTableLongName>
<deleteRule>NO ACTION</deleteRule>
<referredTableID>04BBD925-7EBC-EF11-1EBC-31BFD6290CA2</referredTableID>
<keyObject>0E8C818C-5692-F4DC-5013-92554EBA6678</keyObject>
<referredKeyID>0E8C818C-5692-F4DC-5013-92554EBA6678</referredKeyID>
<mandatory>true</mandatory>
<refColNames>nm_contato</refColNames>
<transferable>true</transferable>
<rely>false</rely>
<columnDependencyConstraintGenerateInDDL>true</columnDependencyConstraintGenerateInDDL>
</FKIndexAssociation>