<?xml version = '1.0' encoding = 'UTF-8'?>
<FKIndexAssociation class="oracle.dbtools.crest.model.design.relational.FKIndexAssociation" directorySegmentName="seg_0" id="C6B5EAE9-8550-38DD-3926-0513DEB6FE1E" containerWithKeyObject="FD9052CF-847D-ADD6-3FF6-317DB5EF202D" localFKIndex="DCFF3137-FBC6-7462-210A-22C336582D67" name="T_DATA_IMPORT_T_CONTATO_FK">
<createdBy>Caique</createdBy>
<createdTime>2021-05-15 00:33:05 UTC</createdTime>
<generatorID>6333AB7A-75FC-D427-76E9-B8D6805FEEAF</generatorID>
<ownerDesignName>AGENDA_DE_CONTATOS</ownerDesignName>
<referredTableLongName>T_CONTATO</referredTableLongName>
<deleteRule>NO ACTION</deleteRule>
<referredTableID>04BBD925-7EBC-EF11-1EBC-31BFD6290CA2</referredTableID>
<keyObject>0E8C818C-5692-F4DC-5013-92554EBA6678</keyObject>
<referredKeyID>0E8C818C-5692-F4DC-5013-92554EBA6678</referredKeyID>
<mandatory>true</mandatory>
<refColNames>nm_contato</refColNames>
<transferable>true</transferable>
<rely>false</rely>
<columnDependencyConstraintGenerateInDDL>true</columnDependencyConstraintGenerateInDDL>
</FKIndexAssociation>