<?xml version = '1.0' encoding = 'UTF-8'?>
<Relation class="oracle.dbtools.crest.model.design.logical.Relation" name="possuirv2" directorySegmentName="seg_0" id="2B6C6347-48A0-C337-C8D5-622BAB9027C1">
<createdBy>Caique</createdBy>
<createdTime>2021-05-14 23:29:39 UTC</createdTime>
<ownerDesignName>AGENDA_DE_CONTATOS</ownerDesignName>
<engineerTo>
<item key="CFB8ABC9-523D-58F7-4841-8717397EB4D3" value="true"/>
</engineerTo>
<sourcePk>A91ABAAB-177F-7EC3-2A1D-57A8461BDD46</sourcePk>
<identifying>true</identifying>
<optionalSource>true</optionalSource>
<optionalTarget>false</optionalTarget>
<sourceCardinality>1</sourceCardinality>
<sourceEntity>84028EFF-D24E-7296-B62A-B43EFB09863A</sourceEntity>
<targetCardinalityString>*</targetCardinalityString>
<targetEntity>D4995641-E5CC-465C-C7D6-C840651790EE</targetEntity>
<transferable>true</transferable>
<deleteRule>NO ACTION</deleteRule>
</Relation>