<?xml version = '1.0' encoding = 'UTF-8'?>
<Relation class="oracle.dbtools.crest.model.design.logical.Relation" name="Relation_5" directorySegmentName="seg_0" id="6333AB7A-75FC-D427-76E9-B8D6805FEEAF">
<createdBy>Caique</createdBy>
<createdTime>2021-05-15 00:28:19 UTC</createdTime>
<ownerDesignName>AGENDA_DE_CONTATOS</ownerDesignName>
<engineerTo>
<item key="CFB8ABC9-523D-58F7-4841-8717397EB4D3" value="true"/>
</engineerTo>
<sourcePk>A91ABAAB-177F-7EC3-2A1D-57A8461BDD46</sourcePk>
<identifying>true</identifying>
<optionalSource>true</optionalSource>
<optionalTarget>false</optionalTarget>
<sourceCardinality>1</sourceCardinality>
<sourceEntity>84028EFF-D24E-7296-B62A-B43EFB09863A</sourceEntity>
<targetCardinalityString>*</targetCardinalityString>
<targetEntity>EAAA8F78-F11B-CDA2-BBC1-23A94F64B055</targetEntity>
<transferable>true</transferable>
<deleteRule>NO ACTION</deleteRule>
</Relation>