<?xml version = '1.0' encoding = 'UTF-8'?>
<Relation class="oracle.dbtools.crest.model.design.logical.Relation" name="Relation_3" directorySegmentName="seg_0" id="BAE3430A-D139-1127-5BBD-56F6CDEAACFE">
<createdBy>Caique</createdBy>
<createdTime>2021-05-15 00:27:18 UTC</createdTime>
<ownerDesignName>AGENDA_DE_CONTATOS</ownerDesignName>
<engineerTo>
<item key="CFB8ABC9-523D-58F7-4841-8717397EB4D3" value="true"/>
</engineerTo>
<sourcePk>A91ABAAB-177F-7EC3-2A1D-57A8461BDD46</sourcePk>
<identifying>true</identifying>
<optionalSource>true</optionalSource>
<optionalTarget>false</optionalTarget>
<sourceCardinality>1</sourceCardinality>
<sourceEntity>84028EFF-D24E-7296-B62A-B43EFB09863A</sourceEntity>
<targetCardinalityString>*</targetCardinalityString>
<targetEntity>5BE1840F-AA35-918C-9B92-6102FAB17416</targetEntity>
<transferable>true</transferable>
<deleteRule>NO ACTION</deleteRule>
</Relation>