<?xml version = '1.0' encoding = 'UTF-8'?>
<Relation class="oracle.dbtools.crest.model.design.logical.Relation" name="possuir" directorySegmentName="seg_0" id="BC798C91-0209-0B48-2A3C-C1D85E7AC038">
<createdBy>Caique</createdBy>
<createdTime>2021-05-14 23:27:39 UTC</createdTime>
<ownerDesignName>AGENDA_DE_CONTATOS</ownerDesignName>
<engineerTo>
<item key="CFB8ABC9-523D-58F7-4841-8717397EB4D3" value="true"/>
</engineerTo>
<sourcePk>A91ABAAB-177F-7EC3-2A1D-57A8461BDD46</sourcePk>
<identifying>true</identifying>
<optionalSource>true</optionalSource>
<optionalTarget>false</optionalTarget>
<sourceCardinality>1</sourceCardinality>
<sourceEntity>84028EFF-D24E-7296-B62A-B43EFB09863A</sourceEntity>
<targetCardinalityString>*</targetCardinalityString>
<targetEntity>AB62034F-9C49-E8ED-D2D8-68153D857619</targetEntity>
<transferable>true</transferable>
<deleteRule>NO ACTION</deleteRule>
</Relation>