<?xml version = '1.0' encoding = 'UTF-8'?>
<Table class="oracle.dbtools.crest.model.design.relational.Table" directorySegmentName="seg_0" id="04BBD925-7EBC-EF11-1EBC-31BFD6290CA2" name="T_CONTATO">
<createdBy>Caique</createdBy>
<createdTime>2021-05-15 00:33:05 UTC</createdTime>
<generatorID>84028EFF-D24E-7296-B62A-B43EFB09863A</generatorID>
<ownerDesignName>AGENDA_DE_CONTATOS</ownerDesignName>
<allowColumnReorder>false</allowColumnReorder>
<existDependencyGenerateInDDl>true</existDependencyGenerateInDDl>
<parsed>true</parsed>
<columns itemClass="oracle.dbtools.crest.model.design.relational.Column">
<Column name="nm_contato" id="EA22FDA3-625A-5D94-05F3-BF6164660508">
<createdBy>Caique</createdBy>
<createdTime>2021-05-15 00:33:05 UTC</createdTime>
<generatorID>942168F2-6F20-2737-AD76-7F7F9B767432</generatorID>
<ownerDesignName>AGENDA_DE_CONTATOS</ownerDesignName>
<useDomainConstraints>false</useDomainConstraints>
<use>1</use>
<logicalDatatype>LOGDT024</logicalDatatype>
<dataTypeSize>30</dataTypeSize>
<ownDataTypeParameters>30,,</ownDataTypeParameters>
<autoIncrementCycle>false</autoIncrementCycle>
</Column>
<Column name="cd_contato" id="621C74D1-1DC4-7FBB-A571-55B2B8A4E51D">
<createdBy>Caique</createdBy>
<createdTime>2021-05-15 00:33:05 UTC</createdTime>
<generatorID>B24B167D-CCD4-10F9-A194-177D18214672</generatorID>
<ownerDesignName>AGENDA_DE_CONTATOS</ownerDesignName>
<useDomainConstraints>false</useDomainConstraints>
<use>1</use>
<logicalDatatype>LOGDT024</logicalDatatype>
<dataTypeSize>30</dataTypeSize>
<ownDataTypeParameters>30,,</ownDataTypeParameters>
<autoIncrementCycle>false</autoIncrementCycle>
</Column>
<Column name="ds_contato" id="7E1606F4-E1C1-662C-31D3-D5FA8A8FB718">
<createdBy>Caique</createdBy>
<createdTime>2021-05-15 00:33:05 UTC</createdTime>
<generatorID>41D843ED-2243-2685-A1C5-2EA571A66DBC</generatorID>
<ownerDesignName>AGENDA_DE_CONTATOS</ownerDesignName>
<nullsAllowed>true</nullsAllowed>
<useDomainConstraints>false</useDomainConstraints>
<use>1</use>
<logicalDatatype>LOGDT024</logicalDatatype>
<dataTypeSize>30</dataTypeSize>
<ownDataTypeParameters>30,,</ownDataTypeParameters>
<autoIncrementCycle>false</autoIncrementCycle>
</Column>
<Column name="ob_contato" id="04CC7792-5E06-B205-F050-FF919375E94D">
<createdBy>Caique</createdBy>
<createdTime>2021-05-15 00:33:05 UTC</createdTime>
<generatorID>B4AB2D64-E31D-CC4E-5E5A-BD6EFF13C53C</generatorID>
<ownerDesignName>AGENDA_DE_CONTATOS</ownerDesignName>
<nullsAllowed>true</nullsAllowed>
<useDomainConstraints>false</useDomainConstraints>
<use>1</use>
<logicalDatatype>LOGDT024</logicalDatatype>
<dataTypeSize>30</dataTypeSize>
<ownDataTypeParameters>30,,</ownDataTypeParameters>
<autoIncrementCycle>false</autoIncrementCycle>
</Column>
<Column name="ob_site_da_web" id="63C726C7-9AC6-5340-A88E-8919F6DF4549">
<createdBy>Caique</createdBy>
<createdTime>2021-05-15 00:33:05 UTC</createdTime>
<generatorID>73E5E2D7-17EF-32C4-7443-52638D372D4A</generatorID>
<ownerDesignName>AGENDA_DE_CONTATOS</ownerDesignName>
<nullsAllowed>true</nullsAllowed>
<useDomainConstraints>false</useDomainConstraints>
<use>1</use>
<logicalDatatype>LOGDT024</logicalDatatype>
<dataTypeSize>30</dataTypeSize>
<ownDataTypeParameters>30,,</ownDataTypeParameters>
<autoIncrementCycle>false</autoIncrementCycle>
</Column>
</columns>
<indexes itemClass="oracle.dbtools.crest.model.design.relational.Index">
<ind_PK_UK id="0E8C818C-5692-F4DC-5013-92554EBA6678" name="T_CONTATO_PK">
<createdBy>Caique</createdBy>
<createdTime>2021-05-15 00:33:05 UTC</createdTime>
<generatorID>A91ABAAB-177F-7EC3-2A1D-57A8461BDD46</generatorID>
<ownerDesignName>AGENDA_DE_CONTATOS</ownerDesignName>
<pk>true</pk>
<indexState>Primary Constraint</indexState>
<isSurrogateKey>false</isSurrogateKey>
<indexColumnUsage>
<colUsage columnID="EA22FDA3-625A-5D94-05F3-BF6164660508"/>
</indexColumnUsage>
</ind_PK_UK>
</indexes>
</Table>