<?xml version = '1.0' encoding = 'UTF-8'?>
<Table class="oracle.dbtools.crest.model.design.relational.Table" directorySegmentName="seg_0" id="2A53BF42-CD47-E126-A985-D2BB106CD2D4" name="T_TELEFONE">
<createdBy>Caique</createdBy>
<createdTime>2021-05-15 00:33:05 UTC</createdTime>
<generatorID>AB62034F-9C49-E8ED-D2D8-68153D857619</generatorID>
<ownerDesignName>AGENDA_DE_CONTATOS</ownerDesignName>
<allowColumnReorder>false</allowColumnReorder>
<existDependencyGenerateInDDl>true</existDependencyGenerateInDDl>
<parsed>true</parsed>
<columns itemClass="oracle.dbtools.crest.model.design.relational.Column">
<Column name="T_CONTATO_nm_contato" id="4F682027-2ED3-29D3-17E9-08618F48AB88">
<createdBy>Caique</createdBy>
<createdTime>2021-05-15 00:33:05 UTC</createdTime>
<generatorID>46831149-B1C9-CA3C-3BAA-3BB08EA97539</generatorID>
<ownerDesignName>AGENDA_DE_CONTATOS</ownerDesignName>
<useDomainConstraints>false</useDomainConstraints>
<use>1</use>
<logicalDatatype>LOGDT024</logicalDatatype>
<dataTypeSize>30</dataTypeSize>
<ownDataTypeParameters>,,</ownDataTypeParameters>
<previousColumn>false</previousColumn>
<autoIncrementCycle>false</autoIncrementCycle>
<associations>
<colAssociation fkAssociation="A33CDB5F-BD3A-194E-2CED-DB1D2671BE25" referredColumn="EA22FDA3-625A-5D94-05F3-BF6164660508"/>
</associations>
</Column>
<Column name="nr_telefone" id="4BE6518A-A4D5-0EC6-1C4F-23801EE007BC">
<createdBy>Caique</createdBy>
<createdTime>2021-05-15 00:33:05 UTC</createdTime>
<generatorID>A892BDC8-C657-7CB8-21F7-CD8F1096C86A</generatorID>
<ownerDesignName>AGENDA_DE_CONTATOS</ownerDesignName>
<useDomainConstraints>false</useDomainConstraints>
<use>1</use>
<logicalDatatype>LOGDT019</logicalDatatype>
<dataTypePrecision>11</dataTypePrecision>
<ownDataTypeParameters>,11,</ownDataTypeParameters>
<autoIncrementCycle>false</autoIncrementCycle>
</Column>
<Column name="nr_residencial" id="393ACF77-7686-1278-B022-3E8571AA20A7">
<createdBy>Caique</createdBy>
<createdTime>2021-05-15 00:33:05 UTC</createdTime>
<generatorID>1EEB86DC-C483-8A5B-ADFB-EC7B3D575AED</generatorID>
<ownerDesignName>AGENDA_DE_CONTATOS</ownerDesignName>
<nullsAllowed>true</nullsAllowed>
<useDomainConstraints>false</useDomainConstraints>
<use>1</use>
<logicalDatatype>LOGDT019</logicalDatatype>
<dataTypePrecision>10</dataTypePrecision>
<ownDataTypeParameters>,10,</ownDataTypeParameters>
<autoIncrementCycle>false</autoIncrementCycle>
</Column>
<Column name="nr_celular" id="9313CC76-8895-BC51-2768-096570338000">
<createdBy>Caique</createdBy>
<createdTime>2021-05-15 00:33:05 UTC</createdTime>
<generatorID>DA9A9270-4341-2449-4F15-7F0DD0891DC4</generatorID>
<ownerDesignName>AGENDA_DE_CONTATOS</ownerDesignName>
<nullsAllowed>true</nullsAllowed>
<useDomainConstraints>false</useDomainConstraints>
<use>1</use>
<logicalDatatype>LOGDT019</logicalDatatype>
<dataTypePrecision>11</dataTypePrecision>
<ownDataTypeParameters>,11,</ownDataTypeParameters>
<autoIncrementCycle>false</autoIncrementCycle>
</Column>
<Column name="nr_comercial" id="CAA9059E-3555-1180-6ACC-8F5D9AD72055">
<createdBy>Caique</createdBy>
<createdTime>2021-05-15 00:33:05 UTC</createdTime>
<generatorID>8040F365-ACFB-2429-FC40-3E1171B4BC11</generatorID>
<ownerDesignName>AGENDA_DE_CONTATOS</ownerDesignName>
<nullsAllowed>true</nullsAllowed>
<useDomainConstraints>false</useDomainConstraints>
<use>1</use>
<logicalDatatype>LOGDT019</logicalDatatype>
<dataTypePrecision>10</dataTypePrecision>
<ownDataTypeParameters>,10,</ownDataTypeParameters>
<autoIncrementCycle>false</autoIncrementCycle>
</Column>
</columns>
<indexes itemClass="oracle.dbtools.crest.model.design.relational.Index">
<ind_PK_UK id="128F26A7-ED74-38C4-7B9E-E5948F46EB6A" name="T_TELEFONE_PK">
<createdBy>Caique</createdBy>
<createdTime>2021-05-15 00:33:05 UTC</createdTime>
<generatorID>C8CF9608-3CBB-217B-29D0-2A38121CEF65</generatorID>
<ownerDesignName>AGENDA_DE_CONTATOS</ownerDesignName>
<pk>true</pk>
<indexState>Primary Constraint</indexState>
<isSurrogateKey>false</isSurrogateKey>
<indexColumnUsage>
<colUsage columnID="4F682027-2ED3-29D3-17E9-08618F48AB88"/>
<colUsage columnID="4BE6518A-A4D5-0EC6-1C4F-23801EE007BC"/>
</indexColumnUsage>
</ind_PK_UK>
<ind_PK_UK id="E43A5B0F-E9EC-03C2-4A94-1940A2959B02" name="T_TELEFONE_T_CONTATO_FK">
<createdBy>Caique</createdBy>
<createdTime>2021-05-15 00:33:05 UTC</createdTime>
<generatorID>BC798C91-0209-0B48-2A3C-C1D85E7AC038</generatorID>
<ownerDesignName>AGENDA_DE_CONTATOS</ownerDesignName>
<indexState>Foreign Key</indexState>
<isSurrogateKey>false</isSurrogateKey>
<indexColumnUsage>
<colUsage columnID="4F682027-2ED3-29D3-17E9-08618F48AB88"/>
</indexColumnUsage>
</ind_PK_UK>
</indexes>
</Table>