<?xml version = '1.0' encoding = 'UTF-8'?>
<Table class="oracle.dbtools.crest.model.design.relational.Table" directorySegmentName="seg_0" id="52E4390D-D450-09EC-F444-CFFAB756C691" name="T_E-MAIL">
<createdBy>Caique</createdBy>
<createdTime>2021-05-15 00:33:05 UTC</createdTime>
<generatorID>D4995641-E5CC-465C-C7D6-C840651790EE</generatorID>
<ownerDesignName>AGENDA_DE_CONTATOS</ownerDesignName>
<allowColumnReorder>false</allowColumnReorder>
<existDependencyGenerateInDDl>true</existDependencyGenerateInDDl>
<parsed>true</parsed>
<columns itemClass="oracle.dbtools.crest.model.design.relational.Column">
<Column name="T_CONTATO_nm_contato" id="A088CE5F-6C37-0CDE-7957-310F9F88DFB0">
<createdBy>Caique</createdBy>
<createdTime>2021-05-15 00:33:05 UTC</createdTime>
<generatorID>BD7E893C-DA32-EA86-974B-A6AE4483037C</generatorID>
<ownerDesignName>AGENDA_DE_CONTATOS</ownerDesignName>
<useDomainConstraints>false</useDomainConstraints>
<use>1</use>
<logicalDatatype>LOGDT024</logicalDatatype>
<dataTypeSize>30</dataTypeSize>
<ownDataTypeParameters>,,</ownDataTypeParameters>
<previousColumn>false</previousColumn>
<autoIncrementCycle>false</autoIncrementCycle>
<associations>
<colAssociation fkAssociation="823BCB11-9130-50FA-4354-B90D8AABB297" referredColumn="EA22FDA3-625A-5D94-05F3-BF6164660508"/>
</associations>
</Column>
<Column name="id_pessoal" id="16582EB6-FB64-F848-E492-37FED1828BEF">
<createdBy>Caique</createdBy>
<createdTime>2021-05-15 00:33:05 UTC</createdTime>
<generatorID>D6FAB489-8215-36A2-D59A-79FD701282C7</generatorID>
<ownerDesignName>AGENDA_DE_CONTATOS</ownerDesignName>
<nullsAllowed>true</nullsAllowed>
<useDomainConstraints>false</useDomainConstraints>
<use>1</use>
<logicalDatatype>LOGDT024</logicalDatatype>
<dataTypeSize>30</dataTypeSize>
<ownDataTypeParameters>30,,</ownDataTypeParameters>
<autoIncrementCycle>false</autoIncrementCycle>
</Column>
<Column name="id_comercial" id="63F01506-A9EB-F8BA-CD76-6429BD1538F4">
<createdBy>Caique</createdBy>
<createdTime>2021-05-15 00:33:05 UTC</createdTime>
<generatorID>DF831FC6-9A57-A5A0-CFEE-E461D640E0BC</generatorID>
<ownerDesignName>AGENDA_DE_CONTATOS</ownerDesignName>
<nullsAllowed>true</nullsAllowed>
<useDomainConstraints>false</useDomainConstraints>
<use>1</use>
<logicalDatatype>LOGDT024</logicalDatatype>
<dataTypeSize>30</dataTypeSize>
<ownDataTypeParameters>30,,</ownDataTypeParameters>
<autoIncrementCycle>false</autoIncrementCycle>
</Column>
</columns>
<indexes itemClass="oracle.dbtools.crest.model.design.relational.Index">
<ind_PK_UK id="4574AD66-3ED8-5732-DF12-F2AD9CC09DA2" name="T_E-MAIL_PK">
<createdBy>Caique</createdBy>
<createdTime>2021-05-15 00:33:05 UTC</createdTime>
<generatorID>F360C9AF-8704-2A1D-BB70-36C4C216AA6E</generatorID>
<ownerDesignName>AGENDA_DE_CONTATOS</ownerDesignName>
<pk>true</pk>
<indexState>Primary Constraint</indexState>
<isSurrogateKey>false</isSurrogateKey>
<indexColumnUsage>
<colUsage columnID="A088CE5F-6C37-0CDE-7957-310F9F88DFB0"/>
</indexColumnUsage>
</ind_PK_UK>
<ind_PK_UK id="64E2B0C0-C8B2-4783-72E9-7A807F4CE01F" name="T_E-MAIL_T_CONTATO_FK">
<createdBy>Caique</createdBy>
<createdTime>2021-05-15 00:33:05 UTC</createdTime>
<generatorID>2B6C6347-48A0-C337-C8D5-622BAB9027C1</generatorID>
<ownerDesignName>AGENDA_DE_CONTATOS</ownerDesignName>
<indexState>Foreign Key</indexState>
<isSurrogateKey>false</isSurrogateKey>
<indexColumnUsage>
<colUsage columnID="A088CE5F-6C37-0CDE-7957-310F9F88DFB0"/>
</indexColumnUsage>
</ind_PK_UK>
</indexes>
</Table>