<?xml version = '1.0' encoding = 'UTF-8'?>
<Table class="oracle.dbtools.crest.model.design.relational.Table" directorySegmentName="seg_0" id="CAE29681-1AC6-5A5B-0690-1808CDD52EB9" name="T_ENDERECO">
<createdBy>Caique</createdBy>
<createdTime>2021-05-15 00:33:05 UTC</createdTime>
<generatorID>5BE1840F-AA35-918C-9B92-6102FAB17416</generatorID>
<ownerDesignName>AGENDA_DE_CONTATOS</ownerDesignName>
<allowColumnReorder>false</allowColumnReorder>
<existDependencyGenerateInDDl>true</existDependencyGenerateInDDl>
<parsed>true</parsed>
<columns itemClass="oracle.dbtools.crest.model.design.relational.Column">
<Column name="in_casa" id="38C49B8C-B35B-FF48-FBC1-F007ACC11AEB">
<createdBy>Caique</createdBy>
<createdTime>2021-05-15 00:33:05 UTC</createdTime>
<generatorID>A037F2F5-3374-88A8-4147-00D78460E89D</generatorID>
<ownerDesignName>AGENDA_DE_CONTATOS</ownerDesignName>
<nullsAllowed>true</nullsAllowed>
<useDomainConstraints>false</useDomainConstraints>
<use>1</use>
<logicalDatatype>LOGDT024</logicalDatatype>
<dataTypeSize>30</dataTypeSize>
<ownDataTypeParameters>30,,</ownDataTypeParameters>
<autoIncrementCycle>false</autoIncrementCycle>
</Column>
<Column name="in_trabalho" id="23D8076F-8E64-18AC-B7AA-36866209C442">
<createdBy>Caique</createdBy>
<createdTime>2021-05-15 00:33:05 UTC</createdTime>
<generatorID>00D2A0F9-D973-F2E5-BF36-D8E262F3CA97</generatorID>
<ownerDesignName>AGENDA_DE_CONTATOS</ownerDesignName>
<nullsAllowed>true</nullsAllowed>
<useDomainConstraints>false</useDomainConstraints>
<use>1</use>
<logicalDatatype>LOGDT024</logicalDatatype>
<dataTypeSize>30</dataTypeSize>
<ownDataTypeParameters>30,,</ownDataTypeParameters>
<autoIncrementCycle>false</autoIncrementCycle>
</Column>
<Column name="T_CONTATO_nm_contato" id="9D313A27-F980-8C17-9293-303E05BD4EBA">
<createdBy>Caique</createdBy>
<createdTime>2021-05-15 00:33:05 UTC</createdTime>
<generatorID>68568C9A-E27D-1E25-D1D2-F708D0558834</generatorID>
<ownerDesignName>AGENDA_DE_CONTATOS</ownerDesignName>
<useDomainConstraints>false</useDomainConstraints>
<use>1</use>
<logicalDatatype>LOGDT024</logicalDatatype>
<dataTypeSize>30</dataTypeSize>
<ownDataTypeParameters>,,</ownDataTypeParameters>
<previousColumn>false</previousColumn>
<autoIncrementCycle>false</autoIncrementCycle>
<associations>
<colAssociation fkAssociation="6B9ED723-3ECE-8AC1-B757-914F12AD25C1" referredColumn="EA22FDA3-625A-5D94-05F3-BF6164660508"/>
</associations>
</Column>
</columns>
<indexes itemClass="oracle.dbtools.crest.model.design.relational.Index">
<ind_PK_UK id="525942A9-8E6B-674C-569B-33928C4C784A" name="T_ENDERECO_PK">
<createdBy>Caique</createdBy>
<createdTime>2021-05-15 00:33:05 UTC</createdTime>
<generatorID>14C59DAB-0374-5605-1AC7-6DA3DBFCFD3B</generatorID>
<ownerDesignName>AGENDA_DE_CONTATOS</ownerDesignName>
<pk>true</pk>
<indexState>Primary Constraint</indexState>
<isSurrogateKey>false</isSurrogateKey>
<indexColumnUsage>
<colUsage columnID="9D313A27-F980-8C17-9293-303E05BD4EBA"/>
</indexColumnUsage>
</ind_PK_UK>
<ind_PK_UK id="E1079CD9-8208-EDEA-ECF4-04AD6C1D64AD" name="T_ENDERECO_T_CONTATO_FK">
<createdBy>Caique</createdBy>
<createdTime>2021-05-15 00:33:05 UTC</createdTime>
<generatorID>BAE3430A-D139-1127-5BBD-56F6CDEAACFE</generatorID>
<ownerDesignName>AGENDA_DE_CONTATOS</ownerDesignName>
<indexState>Foreign Key</indexState>
<isSurrogateKey>false</isSurrogateKey>
<indexColumnUsage>
<colUsage columnID="9D313A27-F980-8C17-9293-303E05BD4EBA"/>
</indexColumnUsage>
</ind_PK_UK>
</indexes>
</Table>