<?xml version = '1.0' encoding = 'UTF-8'?>
<Table class="oracle.dbtools.crest.model.design.relational.Table" directorySegmentName="seg_0" id="FD9052CF-847D-ADD6-3FF6-317DB5EF202D" name="T_DATA_IMPORT">
<createdBy>Caique</createdBy>
<createdTime>2021-05-15 00:33:05 UTC</createdTime>
<generatorID>EAAA8F78-F11B-CDA2-BBC1-23A94F64B055</generatorID>
<ownerDesignName>AGENDA_DE_CONTATOS</ownerDesignName>
<allowColumnReorder>false</allowColumnReorder>
<existDependencyGenerateInDDl>true</existDependencyGenerateInDDl>
<parsed>true</parsed>
<columns itemClass="oracle.dbtools.crest.model.design.relational.Column">
<Column name="dt_aniversario" id="03CB6FF7-C7B3-7A75-B747-1D37BFA7C8CA">
<createdBy>Caique</createdBy>
<createdTime>2021-05-15 00:33:05 UTC</createdTime>
<generatorID>D6188C3C-E29E-D159-E9A4-4EBC6B7DD40B</generatorID>
<ownerDesignName>AGENDA_DE_CONTATOS</ownerDesignName>
<nullsAllowed>true</nullsAllowed>
<useDomainConstraints>false</useDomainConstraints>
<use>1</use>
<logicalDatatype>LOGDT007</logicalDatatype>
<ownDataTypeParameters>,,</ownDataTypeParameters>
<autoIncrementCycle>false</autoIncrementCycle>
</Column>
<Column name="dt_comemorativa" id="1B19E1FC-9CA8-AD5E-644E-67B3C54765C0">
<createdBy>Caique</createdBy>
<createdTime>2021-05-15 00:33:05 UTC</createdTime>
<generatorID>0BA796ED-BD95-B5C7-1A64-D9C672416FC1</generatorID>
<ownerDesignName>AGENDA_DE_CONTATOS</ownerDesignName>
<nullsAllowed>true</nullsAllowed>
<useDomainConstraints>false</useDomainConstraints>
<use>1</use>
<logicalDatatype>LOGDT007</logicalDatatype>
<ownDataTypeParameters>,,</ownDataTypeParameters>
<autoIncrementCycle>false</autoIncrementCycle>
</Column>
<Column name="T_CONTATO_nm_contato" id="FE8E0472-3E16-6440-66FC-440D151ED39C">
<createdBy>Caique</createdBy>
<createdTime>2021-05-15 00:33:05 UTC</createdTime>
<generatorID>A1266E18-0D62-3DB7-FF9F-85D7F5C12B4C</generatorID>
<ownerDesignName>AGENDA_DE_CONTATOS</ownerDesignName>
<useDomainConstraints>false</useDomainConstraints>
<use>1</use>
<logicalDatatype>LOGDT024</logicalDatatype>
<dataTypeSize>30</dataTypeSize>
<ownDataTypeParameters>,,</ownDataTypeParameters>
<previousColumn>false</previousColumn>
<autoIncrementCycle>false</autoIncrementCycle>
<associations>
<colAssociation fkAssociation="C6B5EAE9-8550-38DD-3926-0513DEB6FE1E" referredColumn="EA22FDA3-625A-5D94-05F3-BF6164660508"/>
</associations>
</Column>
</columns>
<indexes itemClass="oracle.dbtools.crest.model.design.relational.Index">
<ind_PK_UK id="F2298527-8206-B05C-76F4-2346C2E2C40A" name="T_DATA_IMPORT_PK">
<createdBy>Caique</createdBy>
<createdTime>2021-05-15 00:33:05 UTC</createdTime>
<generatorID>9E3F86CF-ABD4-6DC4-CAE5-BBEDE4B5F572</generatorID>
<ownerDesignName>AGENDA_DE_CONTATOS</ownerDesignName>
<pk>true</pk>
<indexState>Primary Constraint</indexState>
<isSurrogateKey>false</isSurrogateKey>
<indexColumnUsage>
<colUsage columnID="FE8E0472-3E16-6440-66FC-440D151ED39C"/>
</indexColumnUsage>
</ind_PK_UK>
<ind_PK_UK id="DCFF3137-FBC6-7462-210A-22C336582D67" name="T_DATA_IMPORT_T_CONTATO_FK">
<createdBy>Caique</createdBy>
<createdTime>2021-05-15 00:33:05 UTC</createdTime>
<generatorID>6333AB7A-75FC-D427-76E9-B8D6805FEEAF</generatorID>
<ownerDesignName>AGENDA_DE_CONTATOS</ownerDesignName>
<indexState>Foreign Key</indexState>
<isSurrogateKey>false</isSurrogateKey>
<indexColumnUsage>
<colUsage columnID="FE8E0472-3E16-6440-66FC-440D151ED39C"/>
</indexColumnUsage>
</ind_PK_UK>
</indexes>
</Table>