<?xml version = '1.0' encoding = 'UTF-8'?>
<relationalModel class="oracle.dbtools.crest.model.design.relational.RelationalDesign" name="Relational_1" id="CFB8ABC9-523D-58F7-4841-8717397EB4D3" mainViewID="33A036FE-5D00-15AD-A66D-812E99D677A2">
<createdBy>Caique</createdBy>
<createdTime>2021-05-14 22:52:43 UTC</createdTime>
<ownerDesignName>AGENDA_DE_CONTATOS</ownerDesignName>
<shouldBeOpen>false</shouldBeOpen>
<selectedRDBMSSite>32076570-2523-435C-2E92-BF29817DFF70</selectedRDBMSSite>
</relationalModel>