<?xml version = '1.0' encoding = 'UTF-8'?>
<Diagram class="oracle.dbtools.crest.swingui.logical.DPVLogical" name="Logical" id="B79941EA-D511-9019-5172-8EABFEEF54A7">
<createdBy>Caique</createdBy>
<modifiedBy>Caique</modifiedBy>
<createdTime>2021-05-14 22:52:49 UTC</createdTime>
<autoRoute>false</autoRoute>
<boxInbox>true</boxInbox>
<showLegend>false</showLegend>
<showLabels>false</showLabels>
<showRelAttributes>false</showRelAttributes>
<gridEnabled>false</gridEnabled>
<showGrid>false</showGrid>
<diagramColor>-1</diagramColor>
<display>false</display>
<notation>2</notation>
<showAllDetails>false</showAllDetails>
<showElements>true</showElements>
<objectViews>
<OView class="oracle.dbtools.crest.swingui.logical.TVEntity" oid="5BE1840F-AA35-918C-9B92-6102FAB17416" otype="Entity" vid="8D023C70-A1F4-E96B-84EA-598FC1C88A72">
<hideElementsInCurrentOnly>false</hideElementsInCurrentOnly>
<bounds x="745" y="129" width="170" height="110"/>
</OView>
<OView class="oracle.dbtools.crest.swingui.logical.TVEntity" oid="84028EFF-D24E-7296-B62A-B43EFB09863A" otype="Entity" vid="A7267BA8-64EA-F1FD-C76E-1A2324E7D708">
<hideElementsInCurrentOnly>false</hideElementsInCurrentOnly>
<bounds x="415" y="249" width="170" height="110"/>
</OView>
<OView class="oracle.dbtools.crest.swingui.logical.TVEntity" oid="AB62034F-9C49-E8ED-D2D8-68153D857619" otype="Entity" vid="4A34D03A-B85F-2FC3-91A4-A23E0AD36646">
<hideElementsInCurrentOnly>false</hideElementsInCurrentOnly>
<bounds x="746" y="248" width="170" height="110"/>
</OView>
<OView class="oracle.dbtools.crest.swingui.logical.TVEntity" oid="D4995641-E5CC-465C-C7D6-C840651790EE" otype="Entity" vid="227A0DD3-9011-21CD-00A4-5A25367D5844">
<hideElementsInCurrentOnly>false</hideElementsInCurrentOnly>
<bounds x="746" y="11" width="170" height="110"/>
</OView>
<OView class="oracle.dbtools.crest.swingui.logical.TVEntity" oid="EAAA8F78-F11B-CDA2-BBC1-23A94F64B055" otype="Entity" vid="C1D1CF6C-9184-85C5-B58B-7B0E41C501B4">
<hideElementsInCurrentOnly>false</hideElementsInCurrentOnly>
<bounds x="746" y="369" width="170" height="110"/>
</OView>
</objectViews>
<connectors>
<Connector class="oracle.dbtools.crest.swingui.logical.TVRelation" oid="2B6C6347-48A0-C337-C8D5-622BAB9027C1" otype="Relation" vid_source="A7267BA8-64EA-F1FD-C76E-1A2324E7D708" vid_target="227A0DD3-9011-21CD-00A4-5A25367D5844">
<hideElementsInCurrentOnly>false</hideElementsInCurrentOnly>
<backgroundColor>-16777216</backgroundColor>
<lineWidth>1</lineWidth>
<points>
<point x="499" y="249"/>
<point x="499" y="58"/>
<point x="746" y="58"/>
</points>
</Connector>
<Connector class="oracle.dbtools.crest.swingui.logical.TVRelation" oid="6333AB7A-75FC-D427-76E9-B8D6805FEEAF" otype="Relation" vid_source="A7267BA8-64EA-F1FD-C76E-1A2324E7D708" vid_target="C1D1CF6C-9184-85C5-B58B-7B0E41C501B4">
<hideElementsInCurrentOnly>false</hideElementsInCurrentOnly>
<backgroundColor>-16777216</backgroundColor>
<lineWidth>1</lineWidth>
<points>
<point x="503" y="359"/>
<point x="503" y="425"/>
<point x="746" y="425"/>
</points>
</Connector>
<Connector class="oracle.dbtools.crest.swingui.logical.TVRelation" oid="BAE3430A-D139-1127-5BBD-56F6CDEAACFE" otype="Relation" vid_source="A7267BA8-64EA-F1FD-C76E-1A2324E7D708" vid_target="8D023C70-A1F4-E96B-84EA-598FC1C88A72">
<hideElementsInCurrentOnly>false</hideElementsInCurrentOnly>
<backgroundColor>-16777216</backgroundColor>
<lineWidth>1</lineWidth>
<points>
<point x="538" y="249"/>
<point x="538" y="177"/>
<point x="745" y="177"/>
</points>
</Connector>
<Connector class="oracle.dbtools.crest.swingui.logical.TVRelation" oid="BC798C91-0209-0B48-2A3C-C1D85E7AC038" otype="Relation" vid_source="A7267BA8-64EA-F1FD-C76E-1A2324E7D708" vid_target="4A34D03A-B85F-2FC3-91A4-A23E0AD36646">
<hideElementsInCurrentOnly>false</hideElementsInCurrentOnly>
<backgroundColor>-16777216</backgroundColor>
<lineWidth>1</lineWidth>
<points>
<point x="585" y="299"/>
<point x="746" y="299"/>
</points>
</Connector>
</connectors>
</Diagram>