<?xml version = '1.0' encoding = 'UTF-8'?>
<Diagram class="oracle.dbtools.crest.swingui.relational.DPVRelational" name="Relational_1" id="33A036FE-5D00-15AD-A66D-812E99D677A2">
<createdBy>Caique</createdBy>
<modifiedBy>Caique</modifiedBy>
<createdTime>2021-05-15 00:30:49 UTC</createdTime>
<autoRoute>false</autoRoute>
<boxInbox>true</boxInbox>
<showLegend>false</showLegend>
<showLabels>false</showLabels>
<showRelAttributes>false</showRelAttributes>
<gridEnabled>false</gridEnabled>
<showGrid>false</showGrid>
<diagramColor>-1</diagramColor>
<display>false</display>
<notation>1</notation>
<objectViews>
<OView class="oracle.dbtools.crest.swingui.relational.TVTable" oid="04BBD925-7EBC-EF11-1EBC-31BFD6290CA2" otype="Table" vid="F1275872-2FE9-BB28-1CE8-E52D14A8D30E">
<hideElementsInCurrentOnly>false</hideElementsInCurrentOnly>
<bounds x="415" y="249" width="240" height="172"/>
</OView>
<OView class="oracle.dbtools.crest.swingui.relational.TVTable" oid="2A53BF42-CD47-E126-A985-D2BB106CD2D4" otype="Table" vid="F72E539F-B054-6CE2-1477-1306C6E96ECD">
<hideElementsInCurrentOnly>false</hideElementsInCurrentOnly>
<bounds x="746" y="248" width="170" height="110"/>
</OView>
<OView class="oracle.dbtools.crest.swingui.relational.TVTable" oid="52E4390D-D450-09EC-F444-CFFAB756C691" otype="Table" vid="70E2665E-029D-0633-B641-6FCC1E8CF927">
<hideElementsInCurrentOnly>false</hideElementsInCurrentOnly>
<bounds x="746" y="11" width="170" height="110"/>
</OView>
<OView class="oracle.dbtools.crest.swingui.relational.TVTable" oid="CAE29681-1AC6-5A5B-0690-1808CDD52EB9" otype="Table" vid="C1BF95EC-0587-7795-DD0B-0710F2180753">
<hideElementsInCurrentOnly>false</hideElementsInCurrentOnly>
<bounds x="745" y="129" width="170" height="110"/>
</OView>
<OView class="oracle.dbtools.crest.swingui.relational.TVTable" oid="FD9052CF-847D-ADD6-3FF6-317DB5EF202D" otype="Table" vid="DD6CDEE6-B0BD-663B-B101-3FBE26D0166E">
<hideElementsInCurrentOnly>false</hideElementsInCurrentOnly>
<bounds x="746" y="369" width="170" height="110"/>
</OView>
</objectViews>
<connectors>
<Connector class="oracle.dbtools.crest.swingui.relational.TVFKRelation" oid="6B9ED723-3ECE-8AC1-B757-914F12AD25C1" otype="FKIndexAssociation" vid_source="F1275872-2FE9-BB28-1CE8-E52D14A8D30E" vid_target="C1BF95EC-0587-7795-DD0B-0710F2180753">
<hideElementsInCurrentOnly>false</hideElementsInCurrentOnly>
<backgroundColor>-16777216</backgroundColor>
<lineWidth>1</lineWidth>
<points>
<point x="538" y="249"/>
<point x="538" y="177"/>
<point x="745" y="177"/>
</points>
</Connector>
<Connector class="oracle.dbtools.crest.swingui.relational.TVFKRelation" oid="823BCB11-9130-50FA-4354-B90D8AABB297" otype="FKIndexAssociation" vid_source="F1275872-2FE9-BB28-1CE8-E52D14A8D30E" vid_target="70E2665E-029D-0633-B641-6FCC1E8CF927">
<hideElementsInCurrentOnly>false</hideElementsInCurrentOnly>
<backgroundColor>-16777216</backgroundColor>
<lineWidth>1</lineWidth>
<points>
<point x="499" y="249"/>
<point x="499" y="58"/>
<point x="746" y="58"/>
</points>
</Connector>
<Connector class="oracle.dbtools.crest.swingui.relational.TVFKRelation" oid="A33CDB5F-BD3A-194E-2CED-DB1D2671BE25" otype="FKIndexAssociation" vid_source="F1275872-2FE9-BB28-1CE8-E52D14A8D30E" vid_target="F72E539F-B054-6CE2-1477-1306C6E96ECD">
<hideElementsInCurrentOnly>false</hideElementsInCurrentOnly>
<backgroundColor>-16777216</backgroundColor>
<lineWidth>1</lineWidth>
<points>
<point x="655" y="318"/>
<point x="746" y="318"/>
</points>
</Connector>
<Connector class="oracle.dbtools.crest.swingui.relational.TVFKRelation" oid="C6B5EAE9-8550-38DD-3926-0513DEB6FE1E" otype="FKIndexAssociation" vid_source="F1275872-2FE9-BB28-1CE8-E52D14A8D30E" vid_target="DD6CDEE6-B0BD-663B-B101-3FBE26D0166E">
<hideElementsInCurrentOnly>false</hideElementsInCurrentOnly>
<backgroundColor>-16777216</backgroundColor>
<lineWidth>1</lineWidth>
<points>
<point x="503" y="421"/>
<point x="503" y="425"/>
<point x="746" y="425"/>
</points>
</Connector>
</connectors>
</Diagram>