<?xml version = '1.0' encoding = 'UTF-8'?>
<Entity class="oracle.dbtools.crest.model.design.logical.Entity" directorySegmentName="seg_0" id="5BE1840F-AA35-918C-9B92-6102FAB17416" name="T_ENDERECO">
<createdBy>Caique</createdBy>
<createdTime>2021-05-14 23:55:19 UTC</createdTime>
<ownerDesignName>AGENDA_DE_CONTATOS</ownerDesignName>
<engineerTo>
<item key="CFB8ABC9-523D-58F7-4841-8717397EB4D3" value="true"/>
</engineerTo>
<adequatelyNormalized>NO</adequatelyNormalized>
<expectedVolumes>0</expectedVolumes>
<fwdEngineeringStrategyName>Single Table</fwdEngineeringStrategyName>
<growthPercent>0</growthPercent>
<growthType>Year</growthType>
<maxVolumes>9999999</maxVolumes>
<minVolumes>0</minVolumes>
<normalForm>Third</normalForm>
<attributes itemClass="oracle.dbtools.crest.model.design.logical.Attribute">
<Attribute name="nm_contato" id="68568C9A-E27D-1E25-D1D2-F708D0558834">
<createdBy>Caique</createdBy>
<createdTime>2021-05-15 00:27:18 UTC</createdTime>
<generatorID>BAE3430A-D139-1127-5BBD-56F6CDEAACFE</generatorID>
<ownerDesignName>AGENDA_DE_CONTATOS</ownerDesignName>
<engineerTo>
<item key="CFB8ABC9-523D-58F7-4841-8717397EB4D3" value="true"/>
</engineerTo>
<referedAttribute>942168F2-6F20-2737-AD76-7F7F9B767432</referedAttribute>
<useDomainConstraints>false</useDomainConstraints>
<use>1</use>
<logicalDatatype>LOGDT024</logicalDatatype>
<dataTypeSize>30</dataTypeSize>
<ownDataTypeParameters>,,</ownDataTypeParameters>
</Attribute>
<Attribute name="in_casa" id="A037F2F5-3374-88A8-4147-00D78460E89D">
<createdBy>Caique</createdBy>
<createdTime>2021-05-14 23:55:58 UTC</createdTime>
<ownerDesignName>AGENDA_DE_CONTATOS</ownerDesignName>
<engineerTo>
<item key="CFB8ABC9-523D-58F7-4841-8717397EB4D3" value="true"/>
</engineerTo>
<nullsAllowed>true</nullsAllowed>
<useDomainConstraints>false</useDomainConstraints>
<use>1</use>
<logicalDatatype>LOGDT024</logicalDatatype>
<dataTypeSize>30</dataTypeSize>
<ownDataTypeParameters>30,,</ownDataTypeParameters>
</Attribute>
<Attribute name="in_trabalho" id="00D2A0F9-D973-F2E5-BF36-D8E262F3CA97">
<createdBy>Caique</createdBy>
<createdTime>2021-05-14 23:59:33 UTC</createdTime>
<ownerDesignName>AGENDA_DE_CONTATOS</ownerDesignName>
<engineerTo>
<item key="CFB8ABC9-523D-58F7-4841-8717397EB4D3" value="true"/>
</engineerTo>
<nullsAllowed>true</nullsAllowed>
<useDomainConstraints>false</useDomainConstraints>
<use>1</use>
<logicalDatatype>LOGDT024</logicalDatatype>
<dataTypeSize>30</dataTypeSize>
<ownDataTypeParameters>30,,</ownDataTypeParameters>
</Attribute>
</attributes>
<identifiers itemClass="oracle.dbtools.crest.model.design.logical.CandidateKey">
<identifier id="14C59DAB-0374-5605-1AC7-6DA3DBFCFD3B" name="T_ENDERECO PK">
<createdBy>Caique</createdBy>
<createdTime>2021-05-15 00:27:18 UTC</createdTime>
<ownerDesignName>AGENDA_DE_CONTATOS</ownerDesignName>
<shouldEngineer>false</shouldEngineer>
<engineerTo>
<item key="CFB8ABC9-523D-58F7-4841-8717397EB4D3" value="false"/>
</engineerTo>
<pk>true</pk>
<usedAttributes>
<attributeRef>68568C9A-E27D-1E25-D1D2-F708D0558834</attributeRef>
</usedAttributes>
</identifier>
</identifiers>
</Entity>