<?xml version = '1.0' encoding = 'UTF-8'?>
<Entity class="oracle.dbtools.crest.model.design.logical.Entity" directorySegmentName="seg_0" id="84028EFF-D24E-7296-B62A-B43EFB09863A" name="T_CONTATO">
<createdBy>Caique</createdBy>
<createdTime>2021-05-14 22:52:52 UTC</createdTime>
<ownerDesignName>AGENDA_DE_CONTATOS</ownerDesignName>
<engineerTo>
<item key="CFB8ABC9-523D-58F7-4841-8717397EB4D3" value="true"/>
</engineerTo>
<adequatelyNormalized>NO</adequatelyNormalized>
<expectedVolumes>0</expectedVolumes>
<fwdEngineeringStrategyName>Single Table</fwdEngineeringStrategyName>
<growthPercent>0</growthPercent>
<growthType>Year</growthType>
<maxVolumes>9999999</maxVolumes>
<minVolumes>0</minVolumes>
<normalForm>Third</normalForm>
<attributes itemClass="oracle.dbtools.crest.model.design.logical.Attribute">
<Attribute name="nm_contato" id="942168F2-6F20-2737-AD76-7F7F9B767432">
<createdBy>Caique</createdBy>
<createdTime>2021-05-14 23:03:58 UTC</createdTime>
<ownerDesignName>AGENDA_DE_CONTATOS</ownerDesignName>
<engineerTo>
<item key="CFB8ABC9-523D-58F7-4841-8717397EB4D3" value="true"/>
</engineerTo>
<useDomainConstraints>false</useDomainConstraints>
<use>1</use>
<logicalDatatype>LOGDT024</logicalDatatype>
<dataTypeSize>30</dataTypeSize>
<ownDataTypeParameters>30,,</ownDataTypeParameters>
</Attribute>
<Attribute name="cd_contato" id="B24B167D-CCD4-10F9-A194-177D18214672">
<createdBy>Caique</createdBy>
<createdTime>2021-05-14 22:53:04 UTC</createdTime>
<ownerDesignName>AGENDA_DE_CONTATOS</ownerDesignName>
<engineerTo>
<item key="CFB8ABC9-523D-58F7-4841-8717397EB4D3" value="true"/>
</engineerTo>
<useDomainConstraints>false</useDomainConstraints>
<use>1</use>
<logicalDatatype>LOGDT024</logicalDatatype>
<dataTypeSize>30</dataTypeSize>
<ownDataTypeParameters>30,,</ownDataTypeParameters>
</Attribute>
<Attribute name="ds_contato" id="41D843ED-2243-2685-A1C5-2EA571A66DBC">
<createdBy>Caique</createdBy>
<createdTime>2021-05-14 23:04:22 UTC</createdTime>
<ownerDesignName>AGENDA_DE_CONTATOS</ownerDesignName>
<engineerTo>
<item key="CFB8ABC9-523D-58F7-4841-8717397EB4D3" value="true"/>
</engineerTo>
<nullsAllowed>true</nullsAllowed>
<useDomainConstraints>false</useDomainConstraints>
<use>1</use>
<logicalDatatype>LOGDT024</logicalDatatype>
<dataTypeSize>30</dataTypeSize>
<ownDataTypeParameters>30,,</ownDataTypeParameters>
</Attribute>
<Attribute name="ob_contato" id="B4AB2D64-E31D-CC4E-5E5A-BD6EFF13C53C">
<createdBy>Caique</createdBy>
<createdTime>2021-05-14 23:06:37 UTC</createdTime>
<ownerDesignName>AGENDA_DE_CONTATOS</ownerDesignName>
<engineerTo>
<item key="CFB8ABC9-523D-58F7-4841-8717397EB4D3" value="true"/>
</engineerTo>
<nullsAllowed>true</nullsAllowed>
<useDomainConstraints>false</useDomainConstraints>
<use>1</use>
<logicalDatatype>LOGDT024</logicalDatatype>
<dataTypeSize>30</dataTypeSize>
<ownDataTypeParameters>30,,</ownDataTypeParameters>
</Attribute>
<Attribute name="ob_site_da_web" id="73E5E2D7-17EF-32C4-7443-52638D372D4A">
<createdBy>Caique</createdBy>
<createdTime>2021-05-15 00:23:56 UTC</createdTime>
<ownerDesignName>AGENDA_DE_CONTATOS</ownerDesignName>
<engineerTo>
<item key="CFB8ABC9-523D-58F7-4841-8717397EB4D3" value="true"/>
</engineerTo>
<nullsAllowed>true</nullsAllowed>
<useDomainConstraints>false</useDomainConstraints>
<use>1</use>
<logicalDatatype>LOGDT024</logicalDatatype>
<dataTypeSize>30</dataTypeSize>
<ownDataTypeParameters>30,,</ownDataTypeParameters>
</Attribute>
</attributes>
<identifiers itemClass="oracle.dbtools.crest.model.design.logical.CandidateKey">
<identifier id="A91ABAAB-177F-7EC3-2A1D-57A8461BDD46" name="T_AGENDA PK">
<createdBy>Caique</createdBy>
<createdTime>2021-05-14 22:57:30 UTC</createdTime>
<ownerDesignName>AGENDA_DE_CONTATOS</ownerDesignName>
<shouldEngineer>false</shouldEngineer>
<engineerTo>
<item key="CFB8ABC9-523D-58F7-4841-8717397EB4D3" value="false"/>
</engineerTo>
<pk>true</pk>
<usedAttributes>
<attributeRef>942168F2-6F20-2737-AD76-7F7F9B767432</attributeRef>
</usedAttributes>
</identifier>
</identifiers>
</Entity>