<?xml version = '1.0' encoding = 'UTF-8'?>
<Entity class="oracle.dbtools.crest.model.design.logical.Entity" directorySegmentName="seg_0" id="AB62034F-9C49-E8ED-D2D8-68153D857619" name="T_TELEFONE">
<createdBy>Caique</createdBy>
<createdTime>2021-05-14 23:08:45 UTC</createdTime>
<ownerDesignName>AGENDA_DE_CONTATOS</ownerDesignName>
<engineerTo>
<item key="CFB8ABC9-523D-58F7-4841-8717397EB4D3" value="true"/>
</engineerTo>
<adequatelyNormalized>NO</adequatelyNormalized>
<expectedVolumes>0</expectedVolumes>
<fwdEngineeringStrategyName>Single Table</fwdEngineeringStrategyName>
<growthPercent>0</growthPercent>
<growthType>Year</growthType>
<maxVolumes>9999999</maxVolumes>
<minVolumes>0</minVolumes>
<normalForm>Third</normalForm>
<attributes itemClass="oracle.dbtools.crest.model.design.logical.Attribute">
<Attribute name="nr_telefone" id="A892BDC8-C657-7CB8-21F7-CD8F1096C86A">
<createdBy>Caique</createdBy>
<createdTime>2021-05-14 23:28:57 UTC</createdTime>
<ownerDesignName>AGENDA_DE_CONTATOS</ownerDesignName>
<engineerTo>
<item key="CFB8ABC9-523D-58F7-4841-8717397EB4D3" value="true"/>
</engineerTo>
<useDomainConstraints>false</useDomainConstraints>
<use>1</use>
<logicalDatatype>LOGDT019</logicalDatatype>
<dataTypePrecision>11</dataTypePrecision>
<ownDataTypeParameters>,11,</ownDataTypeParameters>
</Attribute>
<Attribute name="nm_contato" id="46831149-B1C9-CA3C-3BAA-3BB08EA97539">
<createdBy>Caique</createdBy>
<createdTime>2021-05-14 23:38:24 UTC</createdTime>
<generatorID>BC798C91-0209-0B48-2A3C-C1D85E7AC038</generatorID>
<ownerDesignName>AGENDA_DE_CONTATOS</ownerDesignName>
<engineerTo>
<item key="CFB8ABC9-523D-58F7-4841-8717397EB4D3" value="true"/>
</engineerTo>
<referedAttribute>942168F2-6F20-2737-AD76-7F7F9B767432</referedAttribute>
<useDomainConstraints>false</useDomainConstraints>
<use>1</use>
<logicalDatatype>LOGDT024</logicalDatatype>
<dataTypeSize>30</dataTypeSize>
<ownDataTypeParameters>,,</ownDataTypeParameters>
</Attribute>
<Attribute name="nr_residencial" id="1EEB86DC-C483-8A5B-ADFB-EC7B3D575AED">
<createdBy>Caique</createdBy>
<createdTime>2021-05-14 23:08:54 UTC</createdTime>
<ownerDesignName>AGENDA_DE_CONTATOS</ownerDesignName>
<engineerTo>
<item key="CFB8ABC9-523D-58F7-4841-8717397EB4D3" value="true"/>
</engineerTo>
<nullsAllowed>true</nullsAllowed>
<useDomainConstraints>false</useDomainConstraints>
<use>1</use>
<logicalDatatype>LOGDT019</logicalDatatype>
<dataTypePrecision>10</dataTypePrecision>
<ownDataTypeParameters>,10,</ownDataTypeParameters>
</Attribute>
<Attribute name="nr_celular" id="DA9A9270-4341-2449-4F15-7F0DD0891DC4">
<createdBy>Caique</createdBy>
<createdTime>2021-05-14 23:11:48 UTC</createdTime>
<ownerDesignName>AGENDA_DE_CONTATOS</ownerDesignName>
<engineerTo>
<item key="CFB8ABC9-523D-58F7-4841-8717397EB4D3" value="true"/>
</engineerTo>
<nullsAllowed>true</nullsAllowed>
<useDomainConstraints>false</useDomainConstraints>
<use>1</use>
<logicalDatatype>LOGDT019</logicalDatatype>
<dataTypePrecision>11</dataTypePrecision>
<ownDataTypeParameters>,11,</ownDataTypeParameters>
</Attribute>
<Attribute name="nr_comercial" id="8040F365-ACFB-2429-FC40-3E1171B4BC11">
<createdBy>Caique</createdBy>
<createdTime>2021-05-14 23:12:01 UTC</createdTime>
<ownerDesignName>AGENDA_DE_CONTATOS</ownerDesignName>
<engineerTo>
<item key="CFB8ABC9-523D-58F7-4841-8717397EB4D3" value="true"/>
</engineerTo>
<nullsAllowed>true</nullsAllowed>
<useDomainConstraints>false</useDomainConstraints>
<use>1</use>
<logicalDatatype>LOGDT019</logicalDatatype>
<dataTypePrecision>10</dataTypePrecision>
<ownDataTypeParameters>,10,</ownDataTypeParameters>
</Attribute>
</attributes>
<identifiers itemClass="oracle.dbtools.crest.model.design.logical.CandidateKey">
<identifier id="C8CF9608-3CBB-217B-29D0-2A38121CEF65" name="T_TELEFONE PK">
<createdBy>Caique</createdBy>
<createdTime>2021-05-14 23:48:12 UTC</createdTime>
<ownerDesignName>AGENDA_DE_CONTATOS</ownerDesignName>
<shouldEngineer>false</shouldEngineer>
<engineerTo>
<item key="CFB8ABC9-523D-58F7-4841-8717397EB4D3" value="false"/>
</engineerTo>
<pk>true</pk>
<usedAttributes>
<attributeRef>46831149-B1C9-CA3C-3BAA-3BB08EA97539</attributeRef>
<attributeRef>A892BDC8-C657-7CB8-21F7-CD8F1096C86A</attributeRef>
</usedAttributes>
</identifier>
</identifiers>
</Entity>