<?xml version = '1.0' encoding = 'UTF-8'?>
<Entity class="oracle.dbtools.crest.model.design.logical.Entity" directorySegmentName="seg_0" id="D4995641-E5CC-465C-C7D6-C840651790EE" name="T_E-MAIL">
<createdBy>Caique</createdBy>
<createdTime>2021-05-14 22:57:36 UTC</createdTime>
<ownerDesignName>AGENDA_DE_CONTATOS</ownerDesignName>
<engineerTo>
<item key="CFB8ABC9-523D-58F7-4841-8717397EB4D3" value="true"/>
</engineerTo>
<adequatelyNormalized>NO</adequatelyNormalized>
<expectedVolumes>0</expectedVolumes>
<fwdEngineeringStrategyName>Single Table</fwdEngineeringStrategyName>
<growthPercent>0</growthPercent>
<growthType>Year</growthType>
<maxVolumes>9999999</maxVolumes>
<minVolumes>0</minVolumes>
<normalForm>Third</normalForm>
<attributes itemClass="oracle.dbtools.crest.model.design.logical.Attribute">
<Attribute name="nm_contato" id="BD7E893C-DA32-EA86-974B-A6AE4483037C">
<createdBy>Caique</createdBy>
<createdTime>2021-05-14 23:38:24 UTC</createdTime>
<generatorID>2B6C6347-48A0-C337-C8D5-622BAB9027C1</generatorID>
<ownerDesignName>AGENDA_DE_CONTATOS</ownerDesignName>
<engineerTo>
<item key="CFB8ABC9-523D-58F7-4841-8717397EB4D3" value="true"/>
</engineerTo>
<referedAttribute>942168F2-6F20-2737-AD76-7F7F9B767432</referedAttribute>
<useDomainConstraints>false</useDomainConstraints>
<use>1</use>
<logicalDatatype>LOGDT024</logicalDatatype>
<dataTypeSize>30</dataTypeSize>
<ownDataTypeParameters>,,</ownDataTypeParameters>
</Attribute>
<Attribute name="id_pessoal" id="D6FAB489-8215-36A2-D59A-79FD701282C7">
<createdBy>Caique</createdBy>
<createdTime>2021-05-14 22:59:08 UTC</createdTime>
<ownerDesignName>AGENDA_DE_CONTATOS</ownerDesignName>
<engineerTo>
<item key="CFB8ABC9-523D-58F7-4841-8717397EB4D3" value="true"/>
</engineerTo>
<nullsAllowed>true</nullsAllowed>
<useDomainConstraints>false</useDomainConstraints>
<use>1</use>
<logicalDatatype>LOGDT024</logicalDatatype>
<dataTypeSize>30</dataTypeSize>
<ownDataTypeParameters>30,,</ownDataTypeParameters>
</Attribute>
<Attribute name="id_comercial" id="DF831FC6-9A57-A5A0-CFEE-E461D640E0BC">
<createdBy>Caique</createdBy>
<createdTime>2021-05-14 23:01:43 UTC</createdTime>
<ownerDesignName>AGENDA_DE_CONTATOS</ownerDesignName>
<engineerTo>
<item key="CFB8ABC9-523D-58F7-4841-8717397EB4D3" value="true"/>
</engineerTo>
<nullsAllowed>true</nullsAllowed>
<useDomainConstraints>false</useDomainConstraints>
<use>1</use>
<logicalDatatype>LOGDT024</logicalDatatype>
<dataTypeSize>30</dataTypeSize>
<ownDataTypeParameters>30,,</ownDataTypeParameters>
</Attribute>
</attributes>
<identifiers itemClass="oracle.dbtools.crest.model.design.logical.CandidateKey">
<identifier id="F360C9AF-8704-2A1D-BB70-36C4C216AA6E" name="T_E-MAIL PK">
<createdBy>Caique</createdBy>
<createdTime>2021-05-14 23:48:15 UTC</createdTime>
<ownerDesignName>AGENDA_DE_CONTATOS</ownerDesignName>
<shouldEngineer>false</shouldEngineer>
<engineerTo>
<item key="CFB8ABC9-523D-58F7-4841-8717397EB4D3" value="false"/>
</engineerTo>
<pk>true</pk>
<usedAttributes>
<attributeRef>BD7E893C-DA32-EA86-974B-A6AE4483037C</attributeRef>
</usedAttributes>
</identifier>
</identifiers>
</Entity>