<?xml version = '1.0' encoding = 'UTF-8'?>
<Entity class="oracle.dbtools.crest.model.design.logical.Entity" directorySegmentName="seg_0" id="EAAA8F78-F11B-CDA2-BBC1-23A94F64B055" name="T_DATA_IMPORT">
<createdBy>Caique</createdBy>
<createdTime>2021-05-15 00:16:44 UTC</createdTime>
<ownerDesignName>AGENDA_DE_CONTATOS</ownerDesignName>
<engineerTo>
<item key="CFB8ABC9-523D-58F7-4841-8717397EB4D3" value="true"/>
</engineerTo>
<adequatelyNormalized>NO</adequatelyNormalized>
<expectedVolumes>0</expectedVolumes>
<fwdEngineeringStrategyName>Single Table</fwdEngineeringStrategyName>
<growthPercent>0</growthPercent>
<growthType>Year</growthType>
<maxVolumes>9999999</maxVolumes>
<minVolumes>0</minVolumes>
<normalForm>Third</normalForm>
<attributes itemClass="oracle.dbtools.crest.model.design.logical.Attribute">
<Attribute name="nm_contato" id="A1266E18-0D62-3DB7-FF9F-85D7F5C12B4C">
<createdBy>Caique</createdBy>
<createdTime>2021-05-15 00:28:19 UTC</createdTime>
<generatorID>6333AB7A-75FC-D427-76E9-B8D6805FEEAF</generatorID>
<ownerDesignName>AGENDA_DE_CONTATOS</ownerDesignName>
<engineerTo>
<item key="CFB8ABC9-523D-58F7-4841-8717397EB4D3" value="true"/>
</engineerTo>
<referedAttribute>942168F2-6F20-2737-AD76-7F7F9B767432</referedAttribute>
<useDomainConstraints>false</useDomainConstraints>
<use>1</use>
<logicalDatatype>LOGDT024</logicalDatatype>
<dataTypeSize>30</dataTypeSize>
<ownDataTypeParameters>,,</ownDataTypeParameters>
</Attribute>
<Attribute name="dt_aniversario" id="D6188C3C-E29E-D159-E9A4-4EBC6B7DD40B">
<createdBy>Caique</createdBy>
<createdTime>2021-05-15 00:17:26 UTC</createdTime>
<ownerDesignName>AGENDA_DE_CONTATOS</ownerDesignName>
<engineerTo>
<item key="CFB8ABC9-523D-58F7-4841-8717397EB4D3" value="true"/>
</engineerTo>
<nullsAllowed>true</nullsAllowed>
<useDomainConstraints>false</useDomainConstraints>
<use>1</use>
<logicalDatatype>LOGDT007</logicalDatatype>
<ownDataTypeParameters>,,</ownDataTypeParameters>
</Attribute>
<Attribute name="dt_comemorativa" id="0BA796ED-BD95-B5C7-1A64-D9C672416FC1">
<createdBy>Caique</createdBy>
<createdTime>2021-05-15 00:17:34 UTC</createdTime>
<ownerDesignName>AGENDA_DE_CONTATOS</ownerDesignName>
<engineerTo>
<item key="CFB8ABC9-523D-58F7-4841-8717397EB4D3" value="true"/>
</engineerTo>
<nullsAllowed>true</nullsAllowed>
<useDomainConstraints>false</useDomainConstraints>
<use>1</use>
<logicalDatatype>LOGDT007</logicalDatatype>
<ownDataTypeParameters>,,</ownDataTypeParameters>
</Attribute>
</attributes>
<identifiers itemClass="oracle.dbtools.crest.model.design.logical.CandidateKey">
<identifier id="9E3F86CF-ABD4-6DC4-CAE5-BBEDE4B5F572" name="T_DATA_IMPORT PK">
<createdBy>Caique</createdBy>
<createdTime>2021-05-15 00:28:19 UTC</createdTime>
<ownerDesignName>AGENDA_DE_CONTATOS</ownerDesignName>
<shouldEngineer>false</shouldEngineer>
<engineerTo>
<item key="CFB8ABC9-523D-58F7-4841-8717397EB4D3" value="false"/>
</engineerTo>
<pk>true</pk>
<usedAttributes>
<attributeRef>A1266E18-0D62-3DB7-FF9F-85D7F5C12B4C</attributeRef>
</usedAttributes>
</identifier>
</identifiers>
</Entity>